{"cameraMode":{"drawMode":0,"name":"Shaded","section":"Shading Mode"},"sceneLighting":true,"audioPlay":false,"sceneViewState":{"showFog":true,"showMaterialUpdate":true,"showSkybox":true,"showFlares":true,"showImageEffects":true,"showParticleSystems":true},"in2DMode":false,"pivot":{"x":0.0017313987482339144,"y":1.9070706367492676,"z":-0.002169382758438587},"rotation":{"x":-0.09333952516317368,"y":0.7289422154426575,"z":-0.10146766155958176,"w":-0.6705513000488281},"size":0.00866025686264038,"orthographic":false}